id,component,facet,test_type,query,prerequisite,target_layer,expected_outcome,should_fail,failure_point,follow_up,verify_in_db,notes
C50-001,component_5.0,routing,walkthrough_w1,"Can you update my inventory?",any,global_orchestrator,W1 — inventory routing + query/update plan; no ask_user unless clarify,no,,,no shop_profile writes,Routes to inventory BC
C50-002,component_5.0,routing,walkthrough_w2,"How much sugar is left?",any,global_orchestrator,W5 — query_inventory not-found + respond; no profile writes,no,,,no shop_profile changes,ONB-027 scenario
C50-003,component_5.0,user_profile,regression,"What is my shop name?",shop_name set,user_profile,Grounded respond with shop name fact,no,,,answer cites user_profile fact,Regression read path
C50-004,component_5.0,tax_registration,walkthrough_w4,"Yes I am GST registered",no GSTIN,user_profile,W4 — ask_user for GSTIN,no,,,shop_profile.gstin unchanged,ONB-016 style
C50-005,component_5.0,meta,walkthrough_w5,"What are your current capabilities?",any,global_orchestrator,W5 — no invented system capabilities in response,no,,,,Trace A improved; full fix deferred
C51-001,component_5.1,inventory,walkthrough_w5,"How much sugar is left?",empty inventory,inventory,W5 — exactMatchCount 0 completed not-found,no,,,no inventory writes,Standalone read
C51-002,component_5.1,inventory,walkthrough_w1,"Register Maggi 5-pack 50 packets cost 10 sell 12 HSN 19023010 GST 12% packaged",empty inventory,inventory,W1 — query then register with confirmation,no,,,inventory_products + movement row,Create new SKU
C51-003,component_5.1,inventory,read_after_create,"How much Maggi 5-pack is left?",after C51-002,inventory,Grounded quantity from query_inventory,no,,,quantity matches register,
C51-004,component_5.1,inventory,walkthrough_w2,"50 more Maggi 5-pack came in",after C51-002,inventory,W2 — query exact 1 + update increase,no,,,quantity increased + movement,
C51-005,component_5.1,inventory,walkthrough_w6,"what's running out?",seeded low stock,inventory,W6 — low_stock scan grounded facts,no,,,lists SKUs below reorder,
C51-006,component_5.1,inventory,walkthrough_w7,"reduce Maggi 5-pack by 5",after C51-002,inventory,W7 — completed + refusalMessage; no DB change,no,,,quantity unchanged,
C51-007,component_5.1,inventory,walkthrough_w3,"update stock for Magi 5-pak",after C51-002,inventory,W3 — clarification with similarCandidates,no,,,no writes,
C51-008,component_5.1,inventory,walkthrough_w4,"how much atta?",two atta SKUs seeded,inventory,W4 — clarification ask_user with exact options,no,,,no quantity for wrong SKU,
C52-001,component_5.2,billing,walkthrough_w1,"Bill for Ramesh: 2kg sugar, 4 Maggi, UPI",seeded inventory,multi-capability,W1 — inventory query + billing finalize + commit_bill_sale; multi-objective trace,no,,,billing_bills + inventory sale movements via commit_bill_sale,
C52-002,component_5.2,billing,walkthrough_w2,"finalize bill with 5 Maggi",10 on hand + 8 reserved,billing,W2 — oversell refusal at billing finalize; no commit_bill_sale,no,,,no finalized bill; on_hand unchanged,
C52-003,component_5.2,billing,khata_finalize,"Bill for Suresh on khata",seeded inventory + khata customer,multi-capability,Billing finalize + commit_bill_sale + khata credit_sale objective; not billing inline khata,no,,,khata_ledger_entries from khata BC,
C52-004,component_5.2,billing,below_cost,"Finalize bill with below-cost line",sell below cost seeded,billing,Confirmation shows BELOW COST warning; completes on Yes,no,,,bill finalized,
C52-005,component_5.2,billing,cancel_draft,"cancel the draft",open draft exists,billing,Cancel confirmation → hard delete draft,no,,,draft rows deleted,
C52-006,component_5.2,billing,policy_a,"add 2 Maggi",two open drafts,billing,Applies to last-edited draft (Policy A),no,,,last-edited draft updated,
C52-007,component_5.2,billing,dummy_bill,"dummy bill opened pack write-off with notes",loose pack SKU,billing,Shop customer + notes on finalized bill,no,,,billing_bills.notes populated,
C52-008,component_5.2,billing,by_customer,"Priya's bill",two+ open drafts,billing,by_customer or clarify; not last-edited,no,,,correct draft targeted,
C53-001,component_5.3,khata,walkthrough_w1,"Put ₹500 on Ramesh's credit",khata customer optional,khata,W1 — manual credit + payment + balance cycle,no,,,khata_ledger_entries manual_credit,
C53-002,component_5.3,khata,walkthrough_w3,"Bill for Ramesh on khata",seeded inventory + khata customer,multi-capability,W3 — four objectives; khata credit_sale after bill,no,,,khata credit_sale + bill row,
C53-003,component_5.3,khata,walkthrough_w4,"Bill for new customer Vijay on khata",seeded inventory,multi-capability,W4 — khata confirm create customer + credit_sale,no,,,new khata_customers + credit_sale,
C53-004,component_5.3,khata,walkthrough_w5,"Vijay paid ₹100",unknown customer,khata,W5 — confirm create customer + payment; no silent create,no,,,CONFIRMATION_REQUESTED not clarify,
C53-005,component_5.3,khata,walkthrough_w6,"Ramesh paid ₹500",balance ₹300 seeded,khata,W6 — overpay confirmation shows negative balance,no,,,balance -200 paise allowed,
C53-006,component_5.3,khata,walkthrough_w9,"Show all customer balances",seeded khata,khata,W9 — all_customers + ledger artifact,no,,,attachment delivered,
C53-007,component_5.3,khata,walkthrough_w10,"Ramesh balance",misspelled name seeded,khata,W10 — fuzzy clarify similarCandidates,no,,,ask_user not silent match,
C54-001,component_5.4,analytics,walkthrough_w1,"today's sales?",after billing seed,analytics,W1 — daily summary + HTML attachment; no inner BC Gemini,no,,,ANALYTICS_GENERATED trace,
C54-002,component_5.4,analytics,walkthrough_w2,"close the day",after billing seed,analytics,W2 — identical full analysis shape as C54-001,no,,,same artifact sections,
C54-003,component_5.4,analytics,walkthrough_w3,"make this week's sales analysis deck",after billing seed,analytics,W3 — full HTML deck substitute; not PPTX,no,,,weekly + current_week in attachment,
C54-004,component_5.4,analytics,walkthrough_w4,"today's sales?",empty shop no bills,analytics,W4 — completed refusalMessage; no attachment,no,,,no invented sales,
C54-005,component_5.4,analytics,walkthrough_w5,"how much GST collected today?",after billing seed,analytics,W5 — daily GST in chat; full HTML attachment,no,,,artifactsEnabled override for analytics,
